words,sentiment_coeff
arkansas,-201.4216516198621
ar,-183.10140690679285
college,-122.38907893791199
and,-141.8399132496199
the,-130.464829063703
community_college,-129.16948168582587
of,-122.3974705317062
university,-136.25181821721284
to,-91.81054913215536
a,-105.01323308023476
s,-119.12427002359361
prosciutto,-66.12103052316895
for,-88.46688882855537
in,-86.9165454734319
state_university,-124.4402051880154
dog_trainer,-47.019128468479416
1,-103.8665067553688
2,-74.63346004761033
conference,-104.69424385621724
hospital_heliport,-82.4952424649556
school_of,-94.91484831757336
penske,-71.6864279449555
that,-78.28565166325794
spandau_ballet,-50.39955154809599
is,-66.03950096039746
about_smart,-65.36834153319663
with,-77.34633325967002
athletic_conference,-104.38263388441119
on,-72.50468969904828
manual,-110.32859277348068
i,-72.06414867158891
copyright_2020,-57.233378095519136
how_to,-94.39499533573826
institute_of,-109.46818937020858
glonass,-57.91902273469139
valley,-112.71805750907467
at,-79.83948443280522
ranch_airport,-76.28534815586505
you,-73.28998810149018
college_north,-77.90590465826439
media_corporation,-24.267334185081847
2020_penske,-21.44011208679438
state,-119.95398725135932
it,-82.1108720133546
south,-82.3973488483128
!,-67.19993408626802
medical_center,-84.13403413379875
new_york,-109.83750048662971
in_the,-95.45121951979304
technical_college,-109.93240165676863
private_airport,-83.68141539049606
by,-74.08986807667394
media_llc,-37.97040357575705
available_smart,-72.21889588403104
southern,-83.4647968684068
penske_business,-32.38503672940016
bad,-114.28148777622741
4,-75.57662766948297
theological_seminary,-102.61807758876276
city,-102.23299757366061
chipist,-25.875391593536598
college_southwestern,-84.01732741008308
national_american,-88.02025251116049
trainer,-56.6144337928251
community,-115.33930958897818
pronounce,-71.63848688500025
america_west,-56.20483203435605
service,-124.3882022820346
or,-79.48011953580257
of_nursing,-92.45460860993715
your,-81.21399000611798
remington_college,-60.58638856995124
of_art,-91.4091373053015
mountain,-73.48872646724124
little_rock,-108.42966729924781
5,-85.20160789812022
university_saint,-76.62545098284325
center_heliport,-89.06009738600648
this,-85.50297420352014
my,-62.48628509627016
file,-63.40400093949177
professional_dog,-39.7765092822932
from,-57.709626374763694
new_england,-96.2402562958476
lenr,-47.23189441385997
llc_a,-38.13189567209117
subsidiary_of,-41.32240388482595
campus_remington,-72.19418891266456
home,-79.03012892748747
seaplane_base,-99.03152744997529
description_about,-67.57688216910203
st,-66.57757842922004
all,-56.16115500352741
gps,-53.1325541059298
and_technical,-83.66496416400084
gps_glonass,-47.72886717852334
3,-89.10008531108642
shreem_brzee,-66.83132401241278
dr_pillai,-69.14932928898565
table_tops,-64.48458007040038
central,-95.67598479833707
christian_college,-77.47679736057545
of_health,-90.46522171795249
racing,-92.30939167002653
college_south,-91.5644238537945
llc,-40.97497102431089
not,-86.32978400246827
so,-87.98346849289882
/,-60.857124583194334
up,-103.41497823345179
prosciutto_wrapped,-55.0883625096191
like,-66.85651425866364
of_penske,-50.29724017482494
out,-69.99910850701696
t,-70.201444632994
are,-61.36778072009624
products,-89.55849761149118
i_am,-43.857325876116505
an,-63.17217468137214
but,-57.232568443269564
new,-72.1700536341644
yamaha,-94.91250692996067
wood_slab,-66.9916770484988
college_northwest,-99.65701557248971
a_subsidiary,-44.815665937974636
business_media,-42.98726151602418
college_santa,-82.12455275525754
cuisine,-93.38709517677161
baba_s,-58.747491083096754
of_technology,-104.97471914297849
david,-91.25498688033903
great,-63.34075356226477
j,-77.16670496540672
private_heliport,-54.10146179492385
i_tie,-51.6752231321903
power,-90.20088861248611
rabbinical_college,-83.65945658530808
junior_college,-83.37852763408151
icon_link,-15.92604647889033
variety_media,-33.5581080173466
scientific,-108.26820664917739
with_a,-40.50017711432197
repair,-103.0560380672101
?,-63.49489715987648
video,-77.25990269909299
rock,-84.28626858584973
farm,-91.86982617841795
garden,-110.00454302004667
technologies,-105.85951531538223
florida,-77.91468530713118
google,-87.89462096449033
lenr_forum,-21.957109254686724
day,-97.65609152307158
pizza,-49.35313460159418
sir_ken,-48.64012381207429
saint_paul,-78.5120652619363
inc,-99.02675935534994
green,-78.10655765004203
hot_springs,-90.97231568335253
san_diego,-81.90045160369421
west,-74.34369520808073
is_pdf,-62.18371350958911
file_pdf,-71.02107134951166
behaviorist,-34.646296650629225
center,-78.11135926682441
time,-72.24676872194112
saint_louis,-80.94007555006432
san_joaquin,-82.44726402323512
farm_airport,-89.26525824487754
university_north,-71.00787705928597
gemini_pda,-76.67604301763004
a_canine,-39.16310300723608
new_mexico,-68.74426567628528
county_community,-85.95260504435062
trainer_nor,-32.92678262033364
not_a,-42.94514098537788
is_a,-52.57486346511284
repair_manual,-104.24948147183144
institute,-81.3863263828466
service_repair,-90.81652763744741
theatre,-106.63053328370223
lake,-76.05921989698425
mountain_view,-59.08978425311858
news,-53.86933416198608
pennsylvania_state,-93.11293457739414
thermo,-78.00839432129493
asparagus,-52.014652931917965
he,-76.9075011889389
dog,-56.23823364288896
recipes,-80.52325351731324
was,-57.3676320937219
business,-65.94345546853779
hardware,-86.14812221994096
tick_tick,-46.639122299615885
hill,-90.50059005719555
recipe,-80.60119147929667
saint_charles,-114.44552607399127
i_m,-45.639271293009536
chicken,-81.56317398200699
and_design,-62.00678804002734
from_the,-48.197197192431766
at_the,-64.9531074700389
light_body,-104.7511433319182
10,-45.68894551438367
sage,-75.68085827353035
cheese,-48.39020809053672
g,-80.85685392361187
music,-92.37338389230855
as_a,-64.37161995897681
corporation,-60.90920830188491
on_the,-55.40404589134653
more,-43.17791793439497
shirley,-92.5063389711476
school,-58.55297736735508
short,-56.01827226127175
as,-57.283371555874155
car,-61.39927775543063
how,-74.43078259424925
about,-53.53735226741824
service_manual,-78.52408720203917
snow,-105.08791311231172
one,-69.84124722873894
technical_community,-63.55173954784751
ohio_state,-55.33243511449161
green_papaya,-41.90189641636596
of_oriental,-63.3464347624909
sai_rama,-59.53977541196179
national,-80.77031665971735
college_northwestern,-72.54261613904474
ohio_university,-77.73184678756482
sai_maa,-61.40296183935434
walnut_ridge,-106.01062958953828
des_arc,-93.52280515089312
a_gps,-33.1425013038164
food,-76.36937453678922
violet_hill,-65.1882680476235
valley_springs,-95.42927506652782
la_grange,-84.65897660268664
tumbling_shoals,-92.12883796027799
de_witt,-83.79101837913205
sweet_home,-84.3467718042039
sulphur_rock,-84.4867999419086
star_city,-76.80716386587638
snow_lake,-90.11668856008029
evening_shade,-97.57028822383353
vcal,-21.05544427004502
fairfield_bay,-81.89242022404109
el_paso,-99.11151411822753
west_point,-73.22382683348364
west_helena,-81.20198449446282
western_grove,-121.69498174234921
black_rock,-107.14130525924678
beech_grove,-73.73634609670191
bee_branch,-85.9340617719557
bald_knob,-77.3585161500031
caddo_gap,-83.6991883607812
calico_rock,-69.39294440991964
cave_city,-71.92103184781618
performance,-79.7862306785151
center_ridge,-87.30559820996426
good,-56.942305564080044
coal_hill,-63.592111980029806
bread,-66.67735608813786
college_station,-73.62514043663795
cotton_plant,-97.68901697315293
crocketts_bluff,-82.6781424399277
of_america,-66.51219938905734
just,-71.22464164531128
witts_springs,-95.33740898615841
white_hall,-93.94486833198737
whelen_springs,-111.13707194062906
scott,-86.42303261243126
design,-104.27552664533889
fountain_hill,-91.46933954615115
forrest_city,-75.13844251043574
mc_rae,-91.28544078780585
mountain_pine,-76.0358676265064
mount_vernon,-70.59229220792254
mount_pleasant,-68.75352912043844
mount_judea,-68.58716421564527
mount_ida,-89.3686311459908
hollywoodlife_llc,-33.84547147414546
mount_holly,-89.68077609658987
mineral_springs,-91.44316104575336
a_dog,-40.31063602047216
mc_neil,-80.14269644017672
party,-87.20673077616574
mc_gehee,-90.69663067193646
mc_crory,-92.25721434307187
mc_caskill,-99.79093757903283
marble_falls,-107.2424232325269
jones_mill,-91.51154078875544
locust_grove,-64.75089255350659
new_jersey,-64.06801822117984
air_force,-101.43909840214474
training,-69.6089307047619
holly_grove,-76.08213110952644
hickory_ridge,-77.21504704038485
lake_village,-83.73191750012806
pine_bluff,-78.79969807776148
garland_city,-95.31672198573274
saint_joe,-95.838472297056
owners,-88.01555606218808
team_penske,-36.23542479346318
rose_bud,-95.47540044120616
blue_mountain,-99.67642502317595
poplar_grove,-102.66927997002917
pleasant_plains,-102.30379112279248
pleasant_grove,-72.71482669455108
pencil_bluff,-101.94707591193185
new_blaine,-72.96453420839812
first,-64.45144130332756
heber_springs,-107.25796870755302
pacific,-76.1803875511027
it_s,-44.36624784095803
california,-65.41964513365697
hickory_plains,-80.1704858650161
oil_trough,-55.363065799689686
o_kean,-70.67785568423238
new_edinburg,-94.52289481466116
story,-63.61562621553211
bluff_city,-67.23542850806507
our,-54.71852898854442
9,-62.752982202605125
review,-103.15581647492074
is_doc,-57.78152072580316
no,-69.25368754820066
international,-48.607500886479
file_doc,-54.56503825587511
fire_king,-52.41704173637289
prosciutto_di,-28.77389184967931
league,-72.72709534014233
chocolate,-84.19362975145927
systems,-58.636219274087736
bake,-59.73236534488044
u23_team,-21.49061564737089
we,-54.76137210902658
group,-66.83644369829335
find_a,1.0851049840901474
joaquin_valley,-76.06501323435188
which,-72.25366377271696
tree,-81.03892885279066
and_technology,-64.64073285374634
seminary,-69.04728366605097
sonny,-64.6530185802506
instruction_manual,-52.256528094332744
college_southeastern,-77.29160406263964
university_ohio,-74.23580902303767
bournville,-31.414826821493154
university_oklahoma,-87.32112029554365
expert,-62.26754367201845
oklahoma_state,-64.37566364972672
graduate_school,-91.68938585041506
intercollegiate_athletic,-63.92757861494995
spring,-102.28120252183523
sports,-79.22117976385883
university_northern,-83.87445547595851
university_penn,-57.224870656439094
pima_medical,-72.66138192546116
social,-95.50925917852665
who,-57.928350524904914
technology,-77.50096212132725
hum_sah,-49.74660379613654
history,-96.4112334914664
memorial_hospital,-45.749415871315826
linux,-86.1582627094113
series,-88.68150567257364
nickito,1.065217929582433
indian,-79.44759888286978
outboard_service,-91.83337852484078
has,-72.31668714225069
robinson,-43.66921692461916
stagefield_army,-55.78566811299058
st_joseph,-80.36034809846318
university_southern,-72.99775958113314
education,-59.718786172207146
king,-67.05516613253047
john,-63.42694926527129
instruments,-78.98239412906597
ford,-65.23501430736587
texas,-70.53261371043376
birmingham,-70.57342085224144
free,-62.677078107547565
bezirk,-64.96548486887816
army_heliport,-70.2126411549581
university_southwestern,-64.05082145054543
by_the,-74.39352874196959
7,-59.34196190461172
general,-76.69658239559928
cut,-73.02645012693014
11,-50.345460449611146
love,-84.76934614729016
their,-34.62766655983671
two,-62.97766998681231
east,-86.81124389659625
2004,-93.55415566465464
19,-37.737754934939616
park,-64.74826891651178
fresh,-48.90606826013983
need_to,-49.0506605552885
london,-87.51676264303836
blog_hop,-65.33829540594856
us,-65.08198672786861
northwest,-74.06374576343495
crusty_bread,-63.500714825061884
gregory,-74.71791930748451
d,-53.96467939123056
when,-66.8641281779302
face,-74.93106573837059
gold,-39.338881394462334
some,-64.1439464486983
6,-63.035796842963705
christmas,-78.92054352878708
co,-65.53282584944678
if_you,-43.371930734692825
health,-77.04356901576142
washington,-66.88430011525718
silver,-82.27139819618527
ice_cream,-69.63074139844987
mississippi,-82.16539242292596
crackers,-58.637016919924186
fox,-66.51016716496561
book,-56.50718771967529
will,-43.72721600833691
southwest,-86.07280717780706
springfield,-94.3437109903509
economic,-67.16796302655968
campus,-50.34591937688273
bed,-52.61069576486973
big,-63.18523212227381
manuals,-89.47829092632863
his,-65.07627887458924
now,-65.50807395619046
club,-73.131418971981
san_francisco,-66.5524059810504
san_jose,-44.85304016041874
north,-60.84768311488183
asia,-64.54544531040827
can,-67.10866751235028
development,-95.36544611167992
com/playlists/nickito/papas_gamerias,1.0823943083107392
midwest,-47.58242999392464
cosmo_communicator,-81.31075422834536
gps_yes,-20.87670071775944
system,-61.40018185992695
southern_california,-62.50916598966816
family,-51.25118214983454
use,-56.64293370887862
digital,-67.30924380110724
into,-57.24188293858193
friday,-78.3616128010213
thai_green,-47.40202459667075
short_description,-59.82230433505567
workshop_on,-46.25981463976639
shop,-70.43949893423957
finesse_!,-47.915521043832165
wooden_slab,-51.38966436304154
flavours_with,-53.54789573061236
mound_bayou,-87.72535054107053
river,-54.43938173413827
north_little,-67.03835387761357
flat,-52.17536473428089
bedienungsanleitung_short,-53.42035090819912
had,-75.10584213405002
side,-85.5049783474491
striking_strong,-51.929720228117844
re,-38.01868524791824
a_few,-60.44381502266195
science,-79.1146275746092
paris,-81.88254105466125
repair_maintenance,-76.87141412431359
very,-60.832645074774724
state_park,-92.26815953267355
star,-75.23753268819719
simon,-68.43354514793401
life,-102.8198594925352
make,-94.81410209336148
plus,-29.544405513066017
collegiate_athletic,-70.67201487297766
software,-64.2128747377294
to_learn,-56.48239276653035
hotel,-74.13019503796502
3_ways,-47.24855957067325
play,-90.18444539823291
off,-56.50775427661687
rena_lara,-73.93045037989761
win,-75.18177129840034
manual_not,-55.59216782184158
world,-68.800994746407
its,-42.555334984957426
holly_ridge,-85.85834831748478
texarkana,-81.35519344984188
papaya_salad,-44.2812971885526
small,-50.241701199565206
program,-39.90878928669978
football_conference,-68.3984797760713
house,-49.65791684880745
arena,-67.18967149245249
pdf_file,-51.707474262402776
america,-87.72667902368254
doc_file,-49.10207980271492
athletic_association,-56.19849756710949
leola,-93.6425239691753
dogs,-61.20069397152439
user,-94.42712714975842
sheridan,-80.280474884682
market,-94.20680840848824
little,-47.8452495333881
royal_orchid,-44.39398758715507
room,-62.273727581655066
india,-60.570020162263056
technical_institute,-42.232406526064274
500,-56.75368978752231
de_valls,-69.63233997688339
of_chiropractic,-70.53699949879953
team,-54.27439865741011
industries,-65.73321418386088
our_lady,-57.26759269738504
oregon,-67.14788485412916
smart,-34.58656981906369
wesleyan_university,-60.32776356837725
djr_team,-48.34401102270215
gps_a,-10.515780285976522
everything_you,-29.026869913464164
edgemont,-103.4948573340524
university_northwood,-74.15708376271795
health_sciences,-65.57098123808453
right,-60.84724307797745
university_northwest,-65.69140885785815
northern,-72.75503301287269
karma_busting,-50.90515712273692
asparagus_with,-67.15604955832875
a_m,-58.244164033678096
of_medicine,-72.80265180110365
institute_pima,-72.19587233976434
quality,-77.08996180153989
medical_institute,-61.74550478365094
college_district,-78.22334901182013
be_the,-59.697027218628676
tezzele_marco,-71.83177902671622
southern_illinois,-58.78461071742379
college_southeast,-60.97944144302559
apple,-46.417870598876796
bible_college,-75.81528388784965
st_john,-61.989323221432635
40,-75.72213929631663
barbara_business,-65.82756498623965
saint_vincent,-53.243350963824426
franklin,-73.25850074720563
hospital,-62.470601420055864
saint_josephs,-58.35168687346575
made,-60.37581347884209
clarksville,-84.64154384037637
s_seminary,-48.17947926930443
cleveland,-76.60892437928294
saint_john,-62.37095968911431
salad,-52.68730572626871
sacred_heart,-52.699737568966
olives_feta,-60.728687034686494
crudit_s,-59.96358822151437
bradford,-83.80376470723769
jaca,-24.555362401687358
san_jacinto,-63.43065653343977
said,-35.39001460707862
rippe,-8.211670074321185
gurdon,-69.5476965338894
country,-49.73757541927942
almyra,-65.88241824868936
concert,-70.66621479316531
corp,-66.21974616305587
beach,-84.52160760478822
hong_kong,-63.66511006388927
commute,-7.460944700732789
air,-65.74264479137824
benton,-118.10986251128095
band,-42.475862294071234
almost,-43.507648511995235
they,-62.28596809437261
do,-62.67916411730748
m,-37.67097877881962
bedienungsanleitung_not,-52.20564967926368
germany,-95.3352169443985
rosie,-114.01556830457443
eastern,-66.57211023393354
miles,-51.50662161067389
hreem_hroum,-56.741794770905734
dip_vegetable,-42.888401978834736
dip_tzatziki,-60.2578352010468
dip_chickpea,-51.41880670285279
friars_point,-106.27749909596805
salami_eggplant,-48.868013223240865
theory,-75.33838452509994
bresaola_prosciutto,-50.06333910897365
then,-53.55573658602879
me,-64.22823463836527
hope,-59.879546439299475
technology_new,-46.352422085925355
of_optometry,-81.98238323566473
seminary_new,-50.49501658249937
guru_purnima,-73.22947186201519
pm,-50.03673849630596
be,-48.05270213896141
om_shreem,-67.41320857358335
valley_community,-72.55942386138413
palestine,-72.75287004538913
china_coal,-59.55411822194392
health_higgs,-89.98714841569009
morrilton,-83.57069898766899
table,-54.88274488339744
singapore_community,-46.54971196343901
tamil_siddhas,-67.02860362979128
go,-57.56677127331619
bds,-17.544828153943666
cleaning,-78.0240012364777
beidou,-38.225671233515996
16830_products,-60.4643817388097
an_der,-90.34321636981807
canada,-52.03302174348068
stuttgart,-48.75710236828313
this_event,-30.403188086814794
vcal_download,-31.999784725849644
back,-36.57726043314446
o,-28.14213866458989
keep,-33.71365702707403
fall,-71.85199720006209
wealth_and,-47.25042715364277
days,-94.80780493504355
duck_prosciutto,-19.603522149169436
europe,-75.82884544027912
manufacturers_select,-72.14991898009039
new_orleans,-56.34607970849733
garlic,-74.3426135830371
pennsylvania,-60.9309093681854
seattle,-66.41397228303416
namibia_nepal,-64.04222486328722
small_heath,-75.94068347121244
west_midlands,-72.57495790528924
colorado_springs,-51.019718309866334
italian,-55.59465771217472
charcuterie_antipasto,-47.154999015184856
northeast,-73.71658664201186
tips,-52.57849545950495
atlantic,-71.0728772148459
deer,-86.99424969730016
prescott,-63.476104405937136
capital,-79.89020161652263
fisher,-79.62078846431065
baked,-50.63820970659067
astro_slide,-81.15081257640294
southwestern,-69.60719173454258
tony_hadley,-60.06630370815953
live,-50.74173312746044
roger_penske,-35.39322305152335
to_be,-32.239293152758684
automation,-78.8266650260111
why,-52.75197440820352
control,-45.25069793399902
suicidal_after,-54.440850591011504
end,-58.14038083093912
to_use,-76.27646673237605
says,-28.47953944346064
bar,-85.51611475031991
s_steve,-55.75995401315457
norman_says,-58.53085450635674
it_caused,-56.22333756740547
great_sadness,-57.0599975427554
to_hear,-71.51953494788538
that_bandmate,-53.6262406923108
ross_william,-67.99686060471473
wild_was,-51.675492530171894
his_acrimonious,-63.97466505486099
melon,-48.24837957058937
exit,-50.81980618555794
have,-60.41344854015683
heart,-62.05762160536246
crostini,-33.101997846987175
year,-43.881174818389574
forum,-77.07933933306553
kit,-85.8336043448382
local,-67.85392141279674
income,-86.33322515886756
books,-80.15304683360775
link,-77.95013595018786
magazine,-72.6937806212616
gas_furnace,-58.7794477607718
ulm,-58.4385413887093
workshop_siddha,-74.16610996789738
gas_burning,-60.49502941111955
soap,-78.9793748447181
true,-44.34702484364319
learn_about,-26.513749764431516
blue,-56.16604007437087
sky,-85.42538547126905
site,-84.7592351476126
sir,-87.27676983105826
sims,-45.544817459677425
smart_music,-24.442473977679096
sidney,-86.60069251131449
silent,-67.69944589221525
american,-59.25701370690205
collegiate_conference,-50.878075254252664
them,-56.39847984109088
mozzarella,-43.38452287967187
something,-59.65426588020535
bono,-96.74742064265078
association,-84.436531321245
ceramic_industry,-68.96621064414717
old_dominion,-51.86483258216028
rover,-65.18098763312415
furnace_for,-76.14564172422749
best,-83.54497377313528
factory_service,-72.02894668961227
repair_service,-58.848693829866114
heat_wood/sawdust/coconut,-59.54351673745109
ward,-98.89004845931919
shell/charcoal_briquette,-54.296043764027
calendar,-64.25164685581593
making_machine,-50.52960603452178
carbonization_furnace,-47.0564760396731
2019,-59.82845197684271
sorry,-67.37193664861044
soul,-52.307622303158986
turkey,-79.98911863603574
cream,-44.31763142450079
space,-104.18487490062338
galileo,-47.686881236023915
high,-72.67556561782901
travel,-75.41870004288589
tony,-54.9840187737671
usa,-74.57485297402903
while,-46.75879349827851
or_walker,-5.343230641962543
thomas,-76.16312339080133
2012,-41.47925477598121
houston,-91.74487608782216
have_been,-51.10372480444336
were,-40.85328514396657
spandau,-60.4559135054658
would,-50.23069317724672
to_help,-60.42493849985505
strawberry,-63.626652567790934
three,-50.68105004406092
economy,-60.010170943121
silk,-91.29264716586003
super,-60.67751017773969
harvey,-85.3547150662369
of_arts,-54.26468745409742
village,-54.41710187916405
much,-67.32162590687182
style,-57.03491379894975
join_the,-24.90967808925117
making,-60.54166810263125
to_pronounce,-75.81006214951437
talk,-62.15234398334059
here,-34.09763231695553
art,-29.847415088381403
telegram_chat,-28.16082473910838
penske_truck,-40.730817724890294
perry,-68.46032643730372
chainsaw,-70.27231256978618
workshop,-62.4823326861024
including,-52.694699159806234
cost_coal,-65.67257687426033
golf,-62.87008988391774
what,-45.941682908118146
set,-54.045238934324324
light,-90.23548807418004
brzee_wealth,-40.32588067242947
conference_southern,-66.52659094963131
owner,-66.21423116729754
2020_high,-61.92223154143498
quality_low,-63.235547201601854
blower,-79.465380487988
tax,-94.58293487018766
paper,-52.11952654145802
floor_sweeper,-36.90609005890225
colt,-68.02583626173886
photography,-69.18614697159231
read_about,-28.627770131255012
offer,-60.29392617405605
oklahoma_city,-70.72204755298873
of_maryland,-68.2727972588912
parma_salumi,-56.14858616184253
semi_dried,-53.34437214414351
gorgonzola_focaccia,-59.525655534299894
know_about,-38.32714842446724
cotto_ham,-41.66727916195622
campus_ohio,-48.37156645309954
tomatoes_bruschetta,-40.895572864871625
ohio_institute,-73.28954260132252
ottawa_university,-53.81972736315269
buffalo_mozzarella,-51.58502946977661
oregon_university,-57.00856447027747
to_do,-41.4913112802272
prairie_airport,-55.53004311365244
festival,-98.2464698634847
polytechnic_institute,-50.324581213789266
nazarene_university,-64.45973910460786
of_aeronautics,-48.0246400580857
pittsburgh_institute,-59.50689285401241
tart_with,-35.01596708929617
gnss,-31.211707930769563
smart_mx,-48.51170402837801
common_misconceptions,-29.97000802162211
college_piedmont,-35.47873970274832
system_office,-54.476219492090124
times,-73.89018741201868
tags,-45.566384808736224
beidou_galileo,-24.566218915228845
aviation_airport,-60.39946173643098
level_21,-11.324262439526345
palmer_college,-80.82055176436235
may,-44.45000264274988
pacific_lutheran,-47.59734878304597
university_notre,-60.389920338746364
medicine_pacific,-69.47768677160029
san_antonio,-57.26998069950065
smart_charger,-51.592648950885426
burrata,-32.10036270407035
holiday,-78.67031608890179
kansas_technical,-72.61053806718427
mind_science,-54.96081582125896
look,-50.657763616717794
area_technical,-52.096679880906336
that_we,-57.50942138154168
business_institute,-48.509289912083325
smart_doorbell,-36.251677701722585
medicine_new,-54.69510181444029
of_podiatric,-38.61211617620322
york,-49.553109558602586
don_t,-57.54025600242011
understand_the,-60.90332814327947
academy_of,-62.35644318026405
handleiding_not,-51.172310129763574
university_main,-52.28913237030031
mexico_state,-60.205092168360146
smart_media,-48.38789269858456
georgia,-96.5342776478042
art_new,-68.42785784523248
england_school,-49.90278102773337
talking,-40.896136254765345
system_pdf,-48.02932543842272
landing_airport,-47.17701995796987
dakota_state,-37.741865576039835
bc_1215sct,-59.745119896314065
north_georgia,-57.718170640012666
university_northwestern,-61.13544583862508
elektronisches_ladegerat,-50.384576219733994
puff_pastry,-44.161440297264775
data,-82.86040702479515
betriebsanleitung_short,-54.224940846344246
betriebsanleitung_not,-51.29551413202311
college_northland,-59.564601638904385
national_guard,-73.78492679819875
wrapped_baked,-60.27936989542968
seminary_northeastern,-43.677494858601754
college_northeastern,-64.34473828593018
powers_siddhi,-85.80712128879328
and_tomato,-72.19151777627516
butternut_squash,-65.30267888692052
lemon,-65.63320861245371
smart_fortwo,-50.259970856350606
salad_with,-42.702930957170736
tomatoes_with,-63.040890639760676
vifon,1.097362092233695
orange_county,-76.82550491621292
area_community,-62.35989167745742
west_virginia,-47.231983175168054
pro,-81.43040296252846
purdue_university,-50.25598436061777
farms_airport,-50.11775614996922
acres_airport,-46.22427410033938
to_6,-51.27259162017879
st_johns,-73.58484300827322
more_than,-51.12351797851885
college_spencerian,-69.50336759926705
categories_select,-48.142137579112116
wide,-56.57806854011008
general_hospital,-43.124056341252164
college_southwest,-59.20806954387887
grass_roots,-62.549296431377115
acupuncture_college,-72.98650360365842
new_year,-64.94829097042799
society,-79.49295587715157
s_events,-82.29528496352663
il,-37.17456033925024
trip_to,-42.449311887592614
kentucky_community,-57.81045321509093
georgia_technical,-57.57878372281389
south_florida,-43.428385581827065
user_groups,-77.76234804337824
shorter_university,-51.44566259778325
ponderosa_heliport,-61.54441128455692
careers_st,-63.553013996585484
louis,-59.01067128689988
hospital_center,-70.29545023812643
these,-32.65196152599055
quote_from,-35.598567229039496
nickito_on,-45.28079869285442
november_21,-42.15156781829145
2017_03,-44.65465062288531
22_06,-22.63906954948294
what_s,-44.14076709417019
hunter,-70.37409081945172
presents,-63.75946896519701
outdoor,-73.18285306815652
st_mary,-43.09372863477699
thunder_valley,-75.0659478841942
westport_airport,-69.46142506899332
you_can,-43.78454882725158
get,-56.09730509382561
jerusalem,-73.051487329237
tomatoes,-65.61061210017843
hollywood,-73.4351432007208
458_1123,-24.16854023119215
the_ship,-61.51520566888618
wang_chung,-101.61055039694926
campus_seattle,-59.51007745495082
joseph_school,-59.39359374624765
pillai_s,-51.43328132706414
landing_heliport,-55.65804549238204
tom,-62.244725179940986
oil,-68.89524815808036
saint_francis,-80.1082340765876
n,-54.677815558739674
saint_augustine,-54.057116047963156
companies,-48.552609332540136
rutgers_university,-55.07312233038389
college_rowan,-74.711162631531
homes_and,-27.07721286908726
roger_williams,-42.809372759295265
college_rocky,-76.17637854391243
college_rochester,-36.98118774220941
roberts_wesleyan,-68.4081656562788
morris,-57.61238897504256
college_robert,-84.24173260087576
phoenix,-81.3899736097065
turner,-57.82195919151851
company,-89.66193665115935
engineering,-81.95963051615031
event,-71.19015553501814
de_leon,-54.51629629597956
seminary_saint,-58.7456461333166
pace,-68.03244647351748
college_fresno,-46.79683771685033
business_technology,-56.7497411414156
university_savannah,-46.718868265448336
santa_fe,-60.93251444843757
s_teachings,-65.3420473492412
sanford_brown,-52.983957961641934
china,-90.1873857315258
municipal_airport,-51.6369709341018
college_rancho,-49.792304200374595
god_goddess,-77.134704994372
award,-46.45338397093079
windows,-58.33940029207078
of_law,-53.27418209733309
art_institute,-56.79890919918318
district_san,-59.611397421116635
penske_media,-20.71053241924512
theology_saint,-49.343954692449024
trans_x,-77.41003226912292
saint_joseph,-45.57605509782449
biometrics,-35.01969905586158
shivaya_namaha,-86.35102828519067
culinary_institute,-62.90998179032625
warren,-51.39294829019923
manufacturing,-54.854487346471736
fun,-66.33589609644719
white,-68.48467017105237
tech,-79.08427283520086
research,-57.33739436945791
open,-72.29465692801375
internet,-48.78647284408137
neustadt,-65.30494455800455
memorial,-75.39062920337659
life_camera,-59.16548030420125
smart_navi,-49.113764317077965
berlin,-59.97307633365961
bournville_0121,-21.983630457191946
smart_router,-51.01728851393228
michigan,-54.20218871888544
stuff,-72.57206456652486
animal,-65.33819413602234
sport,-101.9853016473326
case,-62.110789149098466
ss,-57.974236684418635
fire,-83.78343697228277
personal,-46.31091574337305
alicia,-65.67028979156103
gps_global,-45.80192393979102
positioning_system,-45.37502052992144
glonass_global,-48.5276329461447
davidson,-73.46734713821782
bag,-62.318099251859245
phillips_66,-44.53521736618805
300,-80.31570823557573
i_can,-42.298857989177854
notebook_11,-57.93745414598341
ready,-61.974640634898606
care,-57.282231299965964
united_states,-52.813336802516474
power_flo,-53.589174928433174
energy,-60.024348812468254
orbiting_navigation,-51.246570195940365
power_systems,-26.5165522521598
clean,-66.68186208587277
skyline,-56.84936025588858
fig_prosciutto,-27.14498358651796
level,-24.006896378418958
or_galileo,-42.924848835840734
airlines,-9.521518444174394
speck,-59.39333349507382
satellite_system,-51.155187773463396
for_sale,-60.6311159394604
slab_table,-50.4802320253281
wood,-59.76945004416962
dsr,-76.50116328794888
manual_is,-57.06199416486972
2005,-55.61664147453677
smart_instruction,-44.168003828470084
madison,-72.60335839792295
wright,-72.05729034694902
1995,-69.94598513421171
v,-70.08465147287042
everything,-64.36699948950738
conference_mid,-82.22484114741421
urinal,-45.59983163047195
add,-40.694442094448114
if,-47.731940531155075
manual_transmission,-61.676679387476455
website,-52.57131118118636
workshop_service,-74.25700082565392
brzee,-50.23598055218724
royal,-78.13598386006552
money,-50.81365103436906
2002,-62.0614548966196
career,-41.865995038896166
diesel,-56.98271238843428
virginia,-62.56718301421452
c6_user,-64.6590547369566
last,-37.566377586956136
gold_derby,-36.64183560071338
james,-47.23050306103302
parma_san,-20.40029204765109
daniele,-20.522649116286814
a_lot,-17.9823710347934
more_about,-35.96998951639989
him,-46.95419333522502
18,-60.51603997875147
coast,-30.38470540263659
night,-50.77882884611566
ideas,-87.86915562923261
together,-67.4204869185692
minutes,-42.95430813888532
on_campus,-9.250541083338549
into_a,-55.166697167549536
online_dog,-15.801096311041825
behnitz,-37.15048296726942
services,-49.68293874406499
conference_great,-53.875464557358065
arizona,-53.11402192003753
x,-53.63509880504401
factory,-70.459854125685
cover,-65.39731101979267
next,-55.11708131920888
pasta,-33.61376378197003
six,-58.196698279072464
bryant,-68.85407412020776
alexander,-48.39035243027021
scotland,-94.63722152306937
banks,-60.47572085090831
construction,-64.61845058522955
0_jackscrew,-36.625396109169834
long,-64.82533396410454
stonnie_dennis,-58.10730657121024
c,-36.455178356223804
obedience_training,-37.259685881628506
labrador_retriever,-62.8663439321554
retriever_puppy,-60.64238368738567
stone,-58.77380151023624
04_hdci,-26.29400408824348
malaysia,-66.56325102329416
melbourne,-89.68280151750359
2018,-58.5296870456064
yes_with,-26.060510307157653
russells_hall,-70.5929221898131
rice,-80.52400679884288
hroum_shree,-59.61825960337766
college_lexington,-42.33164731968058
bedienungsanleitung_deutsch,-60.35754597330948
head,-60.9587543436693
smart_bracelet,-46.341474596908135
kids,-61.80302975702044
blog,-65.23755866101955
of_massotherapy,-59.58846149553624
national_institute,-58.0002296333696
aum_aing,-51.10829170988828
college_salem,-45.3522347928964
mango,-69.68971064628943
near,-42.34389198603299
american_university,-44.67160176633091
there_is,-35.209685614801614
murray_state,-31.556966099639325
boy,-53.387810438344864
under,-60.08461029660693
the_world,-58.115703667600776
to_grow,-36.23702051968693
st_vincent,-41.96150595302285
roasted,-30.52080139550916
status,-44.69454318414292
than,-37.17211531008657
well,-71.60489517344911
hand,-60.12515225476031
kurt_busch,-41.01388604669004
learning,-65.62494821715251
norman,-84.82435235124079
50,-66.34117954803948
season,-61.81980541270686
homestead,-94.52090431762372
homemade,-74.42978708450222
sinead_o,-45.90697005533436
lee,-64.04724187381146
coast_conference,-67.67415760795001
hroum_shreem,-62.495021294553545
grapevine,-73.19398782039619
morning,-60.90017304517945
black,-52.26425957138211
could,-57.041110166776036
hop,-94.67901296254989
games,-58.6834275208235
sid,-56.40485608348078
om_aing,-45.1711337050003
faith,-69.22491898083456
sherman,-67.84417800732942
years,-48.23636438545275
minnesota,-77.49130048921499
part,-64.04246488890406
key,-50.968662336447636
egypt,-92.51117711058262
delaware,-86.21515784638866
clinton,-67.2654938338276
tagged,-43.98576743607033
cranberry,-55.69885541243003
resort,-45.109876020643725
govindaya_namah,-52.67168114621636
north_america,-64.59640560491454
ivan,-70.42208366337327
muffins,-53.306355329718436
trike_instruction,-49.58040584115598
ida,-74.78194140995866
dog_training,-21.542639925243865
sly,-77.11717771979315
there,-40.345675099367945
beautiful,-41.18495744992461
special,-68.36313212662685
top,-30.709379240456805
biosystems,-84.16033706581327
issues,-97.80848688178156
notre_dame,-59.854498159858466
fiscal,-81.52629847971743
new_guinea,-48.463392646112595
langley,-79.42578677371847
moscow,-115.52662106756611
elaine,-75.11357730804625
cash,-72.06825261561747
columbus,-73.06405319953157
prosciutto_ham,-30.566761226620894
casa,-78.71732257374924
water,-71.11317599511614
newport,-72.08385334982312
netherlands_new,-60.14708082335685
zealand_oman,-57.20573071395715
pakistan_papua,-57.152944004039334
england,-72.54871973049563
curtis,-69.72737468861008
discussion,-63.882618358564805
gilbert,-78.72831792435535
general_discussion,-81.15400903361895
android,-77.73620613663381
zaurus,-82.50789123506732
being,-30.52092853501103
olives,-51.08197533820982
washington_ms,-72.40555087817286
washington_mississippi,-63.756472613113026
washington_washington,-62.67378329293355
warren_warren,-49.54549866374377
ward_ward,-64.43799713615526
waldo,-74.99602683930804
salami,-15.531164991959539
waldenburg,-50.714335367733256
waldenburg_waldenburg,-80.4939761852831
to_have,-34.58248524342737
wilburn,-49.97617054414884
waldo_waldo,-57.01218361459702
gps_/,-20.240535204874362
willisville_willisville,-49.92367398128973
of_long,-61.91640147089009
wideman,-25.164312090709814
crispy,-48.445334895141585
wesley_wesley,-59.01581425219221
mustang,-45.07480326960564
gordon,-46.35102397135791
wheatley,-70.09667622583832
widener_widener,-48.43379098997333
wheatley_wheatley,-56.977879342725295
wesley,-54.65346484022394
widener,-58.51837789146338
walcott,-65.26955531658669
wilburn_wilburn,-71.23823090344308
the_russian,-36.59070466599445
weiner_weiner,-67.20018546819985
watson,-55.986794967074076
we_are,-56.08264950784008
the_first,-57.72319249399206
watson_watson,-64.46453648934815
wideman_wideman,-65.34143703188053
weiner,-64.03779265654076
cheeses,-41.55783424569619
walcott_walcott,-78.1859587137913
spent,-51.82854718740208
cat,-63.65059184082029
turner_turner,-66.07808568618694
tupelo,-63.099059813670074
tupelo_tupelo,-50.23960356825029
tuckerman,-83.80876778815052
tuckerman_tuckerman,-69.37147514511891
tucker,-65.26334916679764
tucker_tucker,-48.78667249412636
singing,-56.837993905501975
traskwood,-72.20510449844474
traskwood_traskwood,-64.22501123840561
model,-66.77080177711561
b,-58.02738297643075
timbo,-67.13124104124502
timbo_timbo,-71.58690743135234
tilly,-73.39340749472485
tilly_tilly,-101.9692593063146
forward,-78.54548579325719
spirit,-80.38347912097595
ulm_ulm,-67.6352524860475
show,-47.548115831872686
film,-78.34251356337022
vilonia,-87.06927990104892
wabbaseka,-65.38696934636081
wabbaseka_wabbaseka,-61.67151478776116
french,-63.570215409893194
wabash,-79.88113512765784
wilmar_wilmar,-65.06807037680778
wabash_wabash,-96.78073212284178
has_been,-49.53072465017329
sheila,-65.3849923706781
vilonia_vilonia,-59.43231414695536
man,-54.54252897097563
vendor,-71.8993843686209
vendor_vendor,-51.82557940638352
vanndale,-79.58273844089379
vanndale_vanndale,-49.6589780112697
amphitheatre,-70.23266797706171
umpire,-53.18114576267346
umpire_umpire,-77.66341241479438
hair,-64.41927503562722
willisville,-80.13967759357908
mississippi_winstonville,-58.65213431419577
wilmar,-50.55879701419964
39190_71601,-92.02158110019924
71643_71644,-59.946917772121125
71639_71642,-99.02020284158806
71631_71638,-81.88014462881435
71613_71630,-81.57372973235982
basmati_rice,-69.13062968362048
71611_71612,-61.670249682004886
with_white,-38.27456483999321
figs_with,-47.0816046590624
71602_71603,-64.48504472510312
38781_38782,-64.07959642068214
38749_38751,-78.45358629998476
only,-25.89546133695203
38774_38776,-79.78911312881493
38772_38773,-61.75643772867486
38767_38769,-68.17580496371166
blues,-84.48489918871634
help,-34.20949559914388
bit,-45.16381413071139
38762_38764,-62.81349239059926
38759_38760,-92.54126949462007
71647_71651,-61.84635347023427
grilled_cheese,-60.691106762654314
tomato_and,-57.08769566035005
71652_71653,-75.46420146108497
71759_71762,-58.15869963875697
71752_71758,-71.06911029657599
71748_71751,-84.76837925006092
71744_71745,-60.71089606961527
71742_71743,-80.2951841326439
71726_71728,-76.44294376101253
71724_71725,-82.37560726171068
71721_71722,-101.71076919435392
71711_71720,-77.18592779993153
71678_71701,-88.77533013334727
71675_71677,-53.19046526961945
smart_tvs,-34.775985490857764
71671_71674,-50.655488584910046
71667_71670,-64.3117716086773
71665_71666,-49.137448081134174
71660_71662,-105.00207270391728
71658_71659,-72.46660011565157
71656_71657,-71.64174454863262
71654_71655,-81.3786170022242
38753_38756,-80.66761012844471
down,-57.66097357733585
winchester_winchester,-69.32677059501638
mount_how,-69.70380248637659
wright_wright,-56.521341540796605
wooster,-69.6449497664058
wooster_wooster,-65.52152395395461
woodson,-82.22494189607784
daniel,-39.38777038457095
shaw,-42.61732767731995
woodson_woodson,-69.83065613445704
witter,-44.757956466690736
smile,-55.2435807603459
witter_witter,-87.73012143368625
38740_38746,-100.39181223778411
still,-43.19917577363302
winterville_ms,-70.79176096129956
consumer,-42.56777542414035
winterville_mississippi,-63.465918671764385
ms_winterville,-76.5805478055002
snake,-59.37900586885459
winstonville_winstonville,-60.49652037348911
2020,-18.079927029976627
winchester,-64.76886334582316
loop,-66.46413850395197
wrightsville_wrightsville,-91.81996779172555
should,-66.04215381684129
wrightsville,-76.26298125110395
chris,-72.53739354606921
38732_38733,-81.00375374046395
read,-61.97780408096837
38730_38731,-74.71905454491535
experiment,-36.22434454102464
38725_38726,-84.22876170541497
38704_38720,-58.39470802495974
38702_38703,-54.40921796270629
38669_38701,-80.57335248373855
helping,-34.159145384514744
38630_38631,-55.82146928918524
arkansas_38614,-80.32807326783308
yorktown,-90.79070957160273
yorktown_yorktown,-79.34090453190387
the_urinal,-25.2663716833807
pronounce_mount,-64.79148248439908
wynne,-80.07192395855691
wynne_wynne,-73.43538153076514
question,-48.98597401650218
tillar,-66.1556118622028
thornton_thornton,-77.71364759769756
eyes,-75.90651176015149
rosedale_rosedale,-46.879640427060764
download,-61.93232249808831
romance,-69.76568095461789
romance_romance,-57.10374770275488
roland,-78.76137241802847
roland_roland,-76.79394206001344
atv,-59.616275716312806
workshop_repair,-58.074740415699814
roe,-71.45667975183402
hp_outboard,-75.58298434767337
roe_roe,-79.55242102881549
june_2013,-39.31968824965144
motorcycle_workshop,-42.90499452145038
rison,-58.04355003195414
classic,-52.50616439276173
motorcycle_service,-56.38161246083268
operating,-48.40462946119235
rison_rison,-83.44238017774123
eos,-62.470198723695574
reydell,-56.452822248382176
workshop_manual,-60.38783841969109
mississippi_rosedale,-92.95011258716758
tillar_tillar,-71.30388094147071
ms_rosie,-56.349073623898725
saratoga_saratoga,-70.418680559853
400,-64.40593580557918
salado,-87.57319440981074
manualsony,-66.5218798990659
salado_salado,-43.64814928982522
days_to,-57.91234135849229
sage_sage,-54.36794603635551
saffell,-76.0814384158793
saffell_saffell,-61.91673529312755
russellville,-40.053890449101374
russellville_russellville,-47.53031935498797
2003,-31.074737010187356
russell,-52.1291822193725
maths,-50.161038304925114
russell_russell,-63.02407330508563
royal_royal,-58.41417613582905
rover_rover,-93.3320120630694
rosston,-81.73982049149554
rosston_rosston,-43.085812384571696
parts,-59.60270490736399
pdf,-62.594632346850226
boss,-52.1853290114873
reydell_reydell,-59.37164266159237
prattsville,-77.0365570255353
prattsville_prattsville,-66.09827698885896
poyen,-83.19670312252369
poyen_poyen,-78.85861358333459
reading,-66.68612824774497
today,-75.8287095300117
powhatan,-62.05996469932025
wave,-46.87955266812736
sites,-59.66570056814625
powhatan_powhatan,-64.3573021876468
television,-49.7009341023931
poughkeepsie,-48.335023297674134
poughkeepsie_poughkeepsie,-77.84058247539484
tv,-35.76789667392956
pottsville,-73.20289829373934
v3,-67.3265349511513
pottsville_pottsville,-91.369982106809
portia,-77.60285011865527
vcal_victorian,-33.866946961842636
prescott_prescott,-57.833458015502394
ipad,-47.67577748709748
plan,-57.878882678829676
activity,-53.203322374679395
camera,-48.13376481482984
lara_ms,-52.59497557329761
mississippi_rena,-60.66956455280977
2010,-33.687205318476856
craft,-48.2558121010771
redfield,-65.71374412471765
redfield_redfield,-61.47396731723554
user_manual,-59.155994114406994
civic,-70.59058477413532
prim_prim,-75.65032029755827
ratcliff,-99.82745193177345
radio,-73.15108333477374
ratcliff_ratcliff,-67.33901032401862
quitman,-59.80516226494177
quitman_quitman,-64.71897177709283
prim,-98.90272280795187
electric,-80.61494801821503
men,-58.813780477676396
full_service,-70.41828623095184
saratoga,-64.68277650785542
scotland_scotland,-68.53683869140731
sparkman,-70.74754722676491
train,-63.781833270839606
awards,-72.67121654557214
south_africa,-57.635701520077426
appetizers,-58.13011364529062
spain,-69.17798275629352
spanish,-77.60522383309882
spice,-97.71800073209958
spice_girls,-37.971788018613516
around,-49.96832300350295
strawberry_strawberry,-40.38164767534204
ms_story,-52.19590700931317
mississippi_stoneville,-79.50956963670322
stoneville_stoneville,-81.04858940002764
stephens,-56.636992813019575
summer,-45.98383796607427
stephens_stephens,-72.14029520880183
stamps,-41.555061483133386
stamps_stamps,-78.07332496896642
springfield_springfield,-86.20404599426627
stuttgart_stuttgart,-63.119132630309494
subiaco_subiaco,-71.1594711153083
subiaco,-74.64206782327385
texarkana_tx,-66.67554214469969
tichnor,-75.31185160925651
tichnor_tichnor,-69.00785349018099
thornton,-68.0591589225706
im,-55.505422459031664
action,-58.707226825259205
thida,-67.25684552443339
soho,-46.81919169025945
thida_thida,-66.24511916993028
texarkana_texas,-58.69928915723667
sophie,-68.51811336670441
hot,-31.99316891386066
texarkana_texarkana,-74.44987033340692
sometimes,-46.348640743101036
wilson,-65.36597988581302
and_cher,-95.54954925216161
swifton,-76.55456333321136
swifton_swifton,-64.30072001359251
sony,-74.37947439178397
st_james,-52.13519427331633
sparkman_sparkman,-91.18124315674413
grade,-73.43649440869962
to_bournville,-13.009181041243641
shelby_mississippi,-59.73964330599073
heat,-56.251981237831956
ms_shelby,-65.45994640668498
mississippi_shaw,-95.24104478150004
sign,-52.99015359362934
shaw_shaw,-87.81026242557728
cup,-77.18118931922442
sedgwick,-76.5375919224412
sedgwick_sedgwick,-72.78465773051273
boom,-13.334589375198314
searcy,-70.5299219709304
formerly,-33.65541542351625
searcy_searcy,-87.6202353864438
scranton,-87.33564551356567
entertainment,-74.06558324010648
scranton_scranton,-62.73815595337035
scott_ms,-69.64668903519637
scott_mississippi,-50.640490263880714
scott_scott,-58.607754315438825
shelby_ms,-85.53000241037574
sherard_sherard,-50.30062952144675
mississippi_sherard,-61.4527698794621
sims_sims,-49.948840214956206
solgohachia,-75.92408514234099
solgohachia_solgohachia,-76.02261895137879
smithville,-34.56747431242162
think_about,-7.966733100105774
smithville_smithville,-50.821178534210226
smackover,-62.74289445766115
smackover_smackover,-67.23577189349
goals,-28.979867685755856
sidney_sidney,-71.36091354039803
ms_sheridan,-73.02535658234541
shirley_shirley,-47.489699434132994
security,-49.967577121700316
sherwood,-75.11977722264264
sherwood_sherwood,-89.52937377322436
sherrill,-71.76404188625192
sherrill_sherrill,-62.359327885695365
it_can,-40.579377822192576
work,-36.70034971894612
voice,-56.74760631352788
71839_71840,-77.19184580069377
71763_71764,-95.96537426085126
72521_72522,-42.972179751581635
72517_72519,-85.53421965267975
72501_72503,-87.3915627624497
survey,-48.0225809317047
72476_72479,-62.127950986673405
72474_72475,-70.6273432032285
middle_atlantic,-84.88651699523737
72471_72473,-72.15615245505342
72467_72469,-53.059556173475144
72465_72466,-73.31982141424419
leasing,-34.8600323045094
72457_72458,-56.976932100963836
association_mid,-53.46908775285441
72445_72449,-62.908503637389764
72433_72440,-90.50150191057969
hudson,-29.78060988900367
72431_72432,-87.38423461033985
based,-55.16702905507674
72427_72429,-77.20478147851965
title_berlin/spandau,-34.10160225709974
accessory,-66.81407702593425
72523_72524,-70.95090541021509
72205_72206,-75.59067690550657
72526_72527,-60.48337818008871
cleaner,-67.69839052862554
72579_72581,-33.860098246366036
72575_72577,-68.30164870184846
wheel,-85.88720748018747
72572_72573,-66.48201560795218
72569_72571,-98.52905991507497
72567_72568,-68.33378854285576
72564_72566,-60.093302390954314
saw,-73.45676509248482
72561_72562,-79.58556528898728
tool,-68.01359386664704
72556_72560,-107.42523903952168
72553_72555,-113.2614608428839
trimmer,-71.13658117562335
72546_72550,-92.14841707564449
72543_72545,-54.131485796433005
72536_72540,-96.27173671034785
72533_72534,-94.21846210112122
72530_72532,-58.24774028490178
72416_72421,-79.16778074723
marien_am,-26.96403349271001
72412_72415,-85.43646993861844
battery,-41.24092352686047
72333_72335,-85.55362699456177
72326_72328,-65.71365083757814
72322_72324,-94.16245618192744
72311_72312,-63.24405388297404
sonia,-56.224650820342305
72260_72295,-80.0151628031115
ii,-30.234681208560843
stuffing,-15.893052394642618
72227_72231,-36.09511032501806
72223_72225,-74.4445936642804
tin,-84.0718393651523
1_steve,-57.53580774643691
72221_72222,-84.28631861326807
72217_72219,-97.59240462002906
72215_72216,-72.38803979846504
stock,-38.578187219314
72212_72214,-80.14927272703787
roses,-51.76632820285003
72210_72211,-67.54823900832851
72336_72340,-74.58745023569105
connor,-66.35600055044966
72341_72342,-63.81757150841296
72383_72387,-63.15779275841281
72404_72410,-81.80633958478383
72402_72403,-80.43037835423095
indy,-43.36996398516393
72396_72401,-63.649092879456035
race,-53.045713768559054
since,-29.345940115064526
72392_72394,-84.38824845278215
72389_72390,-70.49852610715317
72374_72379,-56.99157376617781
simply_red,-24.798638982485606
conference_big,-59.54892219394009
72372_72373,-71.84508912390447
72368_72369,-73.803162153946
72366_72367,-74.96358630795515
east_conference,-53.29840593905321
72359_72360,-64.88566442431721
72353_72355,-77.21237241588724
72347_72352,-88.15321788580566
bruschetta_with,-42.700481617340024
72584_72585,-49.89922273470126
fuel,-79.62106853428908
72856_72857,-65.5137767727546
grilled,-54.252911560191826
serbian_church,-30.582000159357637
order,-44.13686573894763
healthy,-79.77493043241896
partnership,-48.94946408725372
75507_75599,-46.306486711159536
75504_75505,-47.991650550119516
72951_75501,-44.30714611351544
idea,-55.005149126570586
72949_72950,-55.833679888031156
media,-67.46781759835247
middle,-54.87125653744935
72943_72947,-60.16027889094649
72930_72933,-74.44409361160344
72927_72928,-38.02649268361797
klein,-49.155848961228145
72924_72926,-72.67439017449013
finance,-85.3559403522658
72863_72865,-75.35423481497085
in_bournville,-33.61098083956305
island,-48.15490259590429
children,-55.544943595386584
model_specific,-68.05898800100933
elsi,-65.8711816273356
support_zaurus,-77.16223169270695
bengali,-51.472815260569526
curry,-54.60679134498437
hardware_gpd,-55.97690949204057
devices,-48.94726351918282
gpd,-65.62777812328054
policy,-60.71405251532947
sonic,-52.56982887696921
holidays,-69.62566942405265
deepak,-69.82853282890362
lentils,-26.9053450814119
ireland_kenya,-44.27704101603733
cake,-62.344636097025976
carrot,-76.02569464941432
coconut,-88.01367487151529
cookies,-53.30148279732334
e,-62.95624263148968
72858_72860,-58.000773715585616
posted_in,-53.335947750847225
tyre,-55.32444839120767
fallacy,-60.27732793059823
72752_72760,-66.91189542417476
72740_72742,-74.21470829880907
72735_72738,-61.268535678342765
72721_72727,-74.50769924471348
72685_72686,-75.97782291634901
72682_72683,-90.58663901196914
slice_of,-30.40926335819414
72679_72680,-68.1572200504767
72670_72675,-53.87384702599259
72666_72669,-90.93326408800206
72658_72663,-72.78856590368095
72655_72657,-75.19439017130813
72648_72650,-94.09223503536793
72641_72645,-79.92765091711092
they_are,-44.929439961603826
72639_72640,-51.39891100482759
72633_72636,-72.7570388693608
72628_72629,-83.28946354921474
72617_72624,-70.69946929098943
72773_72776,-47.610217631149325
72801_72802,-77.87927150578595
72811_72812,-62.54636626639662
schott,-55.156211420578295
72854_72855,-77.83114707545808
72852_72853,-72.26743598022732
72847_72851,-89.37141467477156
new_hampshire,-42.28383538349685
carbon,-75.58372230334885
72845_72846,-77.51883548718796
72842_72843,-76.78880928318456
packard,-65.01133780604968
brooks,-56.98257251958569
72820_72821,-58.80973851918701
72840_72841,-78.05218122580757
72838_72839,-64.28788143677849
72835_72837,-79.68263933006664
72833_72834,-60.86233020221137
72830_72832,-82.19873321602533
72828_72829,-84.96566484391181
72826_72827,-89.738365640009
72823_72824,-87.63374798215001
72207_72209,-76.53782341895166
storage,-54.55890763748188
71766_71770,-74.17863039372965
72022_72023,-64.77789643399117
72017_72018,-61.601252485470724
31,-43.45245984011273
72015_72016,-77.1166222404597
russia,-33.71660227064648
72013_72014,-90.32177270578218
72011_72012,-51.2477765056984
72007_72010,-71.54663696716948
72005_72006,-92.57961484982938
we_have,-49.536800130995346
although,-45.468234188021384
72003_72004,-65.72870540502132
72001_72002,-93.38659237871988
71998_71999,-71.9342811226813
lighting,-52.462660540135
71970_71971,-90.79629049113437
71968_71969,-60.80914184283781
71965_71966,-83.65334445126932
71962_71964,-87.30378544763182
71960_71961,-83.93813757003589
72020_72021,-70.20893570080283
72024_72025,-69.97070884623945
sydney,-76.19353208583465
satellites,-54.86968825833206
paolo_toader,-61.58168375582554
rodica_toffolo,-62.466837175091015
g_tomasiello,-51.42055137563676
alessandro_tondo,-61.15314162924026
72046_72047,-68.7754708294345
72044_72045,-93.78020224995866
72042_72043,-77.52193708793541
72040_72041,-71.19103162268455
lotto_powerwheels,1.071133412112518
72038_72039,-74.10419805316515
72036_72037,-84.8111622001635
p,-42.63942909056706
72034_72035,-65.52298711676866
72032_72033,-82.01482825933283
72030_72031,-66.82590760799008
72028_72029,-76.11053551960353
assistant,-43.2786621055997
having,-50.56091972079325
72026_72027,-50.93907585217032
71958_71959,-86.73102276649095
penske_racing,-51.26753286769897
71956_71957,-81.49151094003705
71951_71952,-63.88648264509108
reception,-53.15946750655012
71862_71864,-56.88602887598979
and_beidou,-54.33250482901853
edge,-42.78215424100037
71859_71860,-96.58107826976016
71857_71858,-68.66112244413715
71854_71855,-58.172817443381675
71852_71853,-59.874750022346426
even,-60.90878137384824
71847_71851,-68.6368617379595
applications,-60.986223121902164
71844_71845,-62.42353610155272
applied_learning,-36.83684498678927
71835_71838,-84.76545748361272
71831_71833,-86.70486860740884
level_27,-11.099264873795983
71827_71828,-68.48181212241991
71802_71825,-93.71998603856872
71772_71801,-70.60616489384823
module,-57.53839756799782
71901_71902,-55.40552856118229
featuring,-40.027712569053804
71921_71922,-82.4592522696704
71949_71950,-89.6068625094032
bond,-44.280045218004986
precision,-50.49471149564695
71942_71943,-76.12222889688931
71940_71941,-73.007366326489
professional,-32.36391003095338
71933_71935,-68.76641595370302
71923_71929,-66.34185805365959
double_cream,-44.317836798513945
71903_71909,-72.96994247457063
brie_asparagus,-43.30111084294157
both,-38.31555839820763
easy,-56.159610472600356
71914_71920,-86.96583307349135
slices_of,-37.09876465209989
71910_71913,-48.98125184315559
each,-37.0910100217147
another,-43.0245181756979
alexander_tilli,-46.87401849488879
alexey_tikhomirov,-77.67688090690763
francesco_tikan,-70.77448979238345
72107_72108,-84.011917369537
yes,-55.0709373201833
72149_72150,-87.18439149357503
72143_72145,-81.31342384205595
dan,-65.03200425535206
72141_72142,-76.26494315767798
72139_72140,-46.47923748945
72136_72137,-87.31445549705734
72134_72135,-76.23207333569904
72132_72133,-37.52709561231293
72130_72131,-56.993149926347854
72128_72129,-76.80305088974634
72126_72127,-48.6748933796895
72124_72125,-104.5338816867196
72122_72123,-55.43137342581725
72120_72121,-44.20237687265732
72118_72119,-89.62038276360184
72116_72117,-73.0937802882916
72114_72115,-91.47154354197028
72112_72113,-92.1717286826585
72152_72153,-100.13617619725146
72156_72157,-84.3405596232442
president_and,-38.752053208786485
72175_72176,-70.15047462337674
logano,-40.196673501310926
72203_72204,-89.39715460639489
72201_72202,-69.99756026306409
72198_72199,-93.0452945951012
72189_72190,-58.740194750679166
72182_72183,-92.25077854380046
72180_72181,-69.08382707547979
72178_72179,-63.57070892825556
jones,-63.56570436224531
72158_72160,-77.68994014097018
72170_72173,-100.68078691819329
72168_72169,-71.94125019105606
72166_72167,-71.34779383614304
africa,-72.1143283573649
vanessa,-48.79460674500685
carl_edwards,-20.548172550496947
de,-72.42061294744276
72164_72165,-47.595925625709526
72110_72111,-63.1399220406676
72105_72106,-85.81034673524445
ran_ticozzi,-77.66385988096539
72103_72104,-77.45317139001902
it_will,-41.65110280114265
72060_72061,-99.55701073443417
fifth_glonass,-47.40662426254376
station_on,-39.500020047315815
the_territory,-54.64560258451443
southern_american,-36.3577025163106
72058_72059,-74.26794382886366
pinsa_with,-21.32507112266744
72055_72057,-65.16622708630973
72052_72053,-66.86639973551716
tealdi_lucia,-63.2850883247571
telib_haysam,-61.603680932086306
tenuta_lucattilio,-47.45936573428742
teresi_luciano,-52.970167749103005
teta_alessandro,-68.19983229370148
teufel_stefan,-64.14573148109781
72048_72051,-78.57343027506845
thomas_marita,-63.172217005768935
tian_fei,-70.39172943465779
end_roscosmos,-50.5623196328587
by_year,-41.36990744263312
in_brazil,-52.895640245676056
72076_72078,-92.23053791856229
72101_72102,-58.29260383745489
72089_72099,-88.4990520103766
72087_72088,-72.51459380798482
72085_72086,-80.40435809093121
72083_72084,-70.07917060356831
72081_72082,-62.87659800206773
most,-59.13133742649299
72079_72080,-67.91535961692604
72074_72075,-81.51103122911873
glonass_station,-44.02656902624891
72072_72073,-56.02799554559128
72069_72070,-88.7856836913291
motor,-65.6038007141177
72067_72068,-57.90406579547996
72065_72066,-76.59860762000328
72063_72064,-76.86121557260782
russia_to,-42.42915963001266
build_new,-46.94055665535041
certificate_of,-38.503297186293025
blevins,-82.95499223197491
portia_portia,-63.97307065125775
fifty_six,-69.34500602780196
ms_fifty,-71.56578551258896
mississippi_farrell,-81.27735919351085
farrell_farrell,-79.55991016764133
everton,-67.38794678480927
everton_everton,-55.07587996485035
ethel,-88.91139910885715
ethel_ethel,-77.76707151154648
enola,-75.27608844311337
kentucky,-50.48692606990732
enola_enola,-91.25820843731107
article,-47.611817741712755
england_england,-26.026951829858753
plus_glonass,-15.97664759065386
iowa_community,-54.964276576054935
emmet,-74.12488111544675
emmet_emmet,-75.61690149865127
elkins,-56.4257487416118
elkins_elkins,-58.971795975107085
elaine_elaine,-72.95149904593393
six_fifty,-38.828363763142534
fisher_fisher,-60.830430595006106
egypt_egypt,-74.98243571474484
floral_floral,-72.1553506286366
gillett_gillett,-75.33517440456896
gilbert_gilbert,-84.81304454632767
genoa,-69.58842427526379
genoa_genoa,-74.51150155061212
garner,-68.22665670178483
garner_garner,-43.43109980680304
fulton,-67.49690045908515
fulton_fulton,-82.36110861116703
friendship,-59.329845745756174
friendship_friendship,-55.741987422864845
point_ms,-68.26676200664149
mississippi_friars,-78.13127502670363
franklin_franklin,-62.14234166768311
fox_fox,-57.92402766288388
north_carolina,-44.54721029221526
fordyce,-60.41426757253623
fordyce_fordyce,-87.1469208073613
central_texas,-40.70451186098467
floral,-62.4215217848805
support_and,-51.66071866084752
ms_edgemont,-61.30140641179759
pancetta,-51.65668052479013
delight,-41.890204384341146
parker,-38.542682335374735
delaware_delaware,-67.44608990673464
deer_deer,-52.656533203839004
bluff,-73.63901481284135
philadelphia,-39.461512511199565
valls_bluff,-72.63183764426086
bluff_de,-46.43303299355216
dardanelle,-70.71693050564853
dardanelle_dardanelle,-75.68828029524104
danville,-58.15901850091867
danville_danville,-72.44434151516495
science_inc,-45.41447605225155
damascus,-59.63944895241799
damascus_damascus,-54.364988182617566
cushman,-66.77212867311725
cushman_cushman,-43.09077872104153
curtis_curtis,-79.1976843256169
spandau_d,1.1147840971576022
crumrod,-58.19245395008117
delight_delight,-81.5672421907462
dennard_dennard,-80.29167681964539
mississippi_duncan,-82.08188942006966
dennard,-93.14649145710662
duncan_duncan,-65.8821135825108
dumas,-73.69859598934882
dumas_dumas,-92.49160820034504
drasco,-55.120542272410326
drasco_drasco,-60.88682085954497
dover,-41.666097981614584
ohio_valley,-53.68399503760712
dover_dover,-80.69944174644701
donaldson,-67.76166379683076
donaldson_donaldson,-76.16314753671438
dierks,-94.69291925563496
dierks_dierks,-78.84212982634858
diaz,-50.14538687440903
diaz_diaz,-68.38752183948263
desha,-64.80522315491707
kansas_city,-69.87052616297916
desha_desha,-81.52294462957722
dermott,-59.046914108054814
dermott_dermott,-82.85190394835922
gillett,-84.23789845143821
glenwood_glenwood,-67.10331073975807
glenwood,-84.11775986758431
harrell,-83.53315902296316
sutton_coldfield,-43.27319324528901
hampton,-73.92221581790386
hampton_hampton,-79.43217393290587
hagarville,-60.236929373837896
glonass_satellite,-12.49127086698539
potato,-61.00184596028766
qualified_dog,-60.38726049107362
i_will,-64.46246852016172
share_my,-53.00779428423785
story_knowledge,-74.55708007568951
training_tips,-56.42303871551716
and_advice,-51.123591080309474
parents_better,-91.14446294743601
do_s,-60.62167875209479
and_don,-72.90064870490629
ts_of,-61.17400366278129
living_together,-50.66920907705276
with_kids,-43.76382011145678
and_dogs,-57.01537922486162
harrell_harrell,-63.622365013006245
harriet_harriet,-83.49922495445774
goodwin_goodwin,-85.02913764157005
police,-48.434877360814134
position,-33.58705222305153
hartman,-83.12416479570282
j_chiropr,-45.57437817033845
chiropractic,-61.0321521581948
hartman_hartman,-63.75320074064915
1/2,-44.91586019120646
harrisburg,-76.3423537469081
block,-66.3809500240137
dirty,-44.792286304384355
acocks_green,-54.869806547081936
balsall_heath,-65.38609020259128
black_country,-53.20017218510267
comment,-64.41922164931434
harrisburg_harrisburg,-85.397099838779
harriet,-89.6802630650688
jewellery_quarter,-53.36598530170085
government,-82.40037414140028
kings_heath,-56.62723729801382
poetry,-54.67361026747808
top_each,-29.022062658666034
optional,-19.608850457279917
hagarville_hagarville,-61.25250354412985
mother_f,-45.31410637832387
griffithville,-78.9677074887381
griffithville_griffithville,-84.60973874841523
ms_gregory,-88.16907693861202
mississippi_greenville,-75.67575580259108
greenville_greenville,-70.90800665228647
greenbrier,-86.54996972096578
greenbrier_greenbrier,-68.37744621100718
gravelly,-49.57621903761532
gravelly_gravelly,-80.83282102035783
grapevine_grapevine,-71.34109958949308
grady,-59.26776829923774
grady_grady,-61.12766150730981
gould,-38.821503956234274
gould_gould,-78.21551441267393
nebraska,-50.82960391758645
now_in,-26.4018001742173
goshen,-66.79849192217264
goshen_goshen,-72.79867962097065
goodwin,-63.56309499219487
grubbs_grubbs,-77.92789915031612
grubbs,-72.40582610958693
guion_guion,-74.05382534788257
balsamic,-29.977443520176486
ckers,-41.21673761159034
there_were,-33.451918370983165
guy,-56.95545432085387
cured_meats,-37.96194110669721
meet,-63.3936573253945
sea,-59.77636985957158
peach,-34.26781103581884
sweet,-36.72333484773437
guy_guy,-43.95746809674903
guion,-59.02493979887017
into_the,-44.83752553099239
ms_gurdon,-80.28648893569596
assisted_gps,-22.976269341360695
mississippi_gunnison,-83.24265097100238
become_a,-36.08176253622836
certified_dog,-32.972416056897224
training_for,-43.89648372643908
gunnison_gunnison,-66.17115221602965
crumrod_crumrod,-68.49880589396113
randolph,-37.4342547788158
smoked_prosciutto,-49.67277250957336
alix_alix,-82.53592563013689
alligator_alligator,-63.70138298060257
mississippi_alligator,-55.96982807465242
ms_almyra,-52.35125901985116
bonnerdale,-64.39872295728738
alpine_alpine,-64.89740998487295
alpine,-77.13786372822194
altheimer_altheimer,-48.16271327225371
altheimer,-86.43382338889371
altus_altus,-51.66385420411284
altus,-81.20265155647856
amagon_amagon,-84.72782396410963
amagon,-92.74612723450099
amity_amity,-73.93646567009873
amity,-61.355248924432836
antoine_antoine,-56.22736087303908
antoine,-53.28278168414255
arkadelphia_arkadelphia,-75.98327977370047
arkadelphia,-87.0706073419687
atkins_atkins,-65.3403917235217
alix,-77.9697285066212
alicia_alicia,-48.313852875887754
s1850m_radar,-45.00381665823007
alexander_alexander,-73.58692753310551
branch_branch,-53.0464218220344
ms_bradford,-73.1094891220218
mississippi_boyle,-87.13564520418947
terri_nunn,-51.33263507127702
lincoln,-66.9679254051305
boyle_boyle,-63.32775887441672
booneville,-66.48268507631076
edwards,-58.257058959741165
music_hall,-42.7371000517954
castle,-64.64532394852982
theater,-76.98409903321578
hall,-43.531290371440996
fair,-78.98761112889626
bay,-49.616070559271115
booneville_booneville,-52.03513500570838
bono_bono,-67.81489324995813
adona_adona,-43.94289082804128
general_discussions,-70.31221041647565
adona,-72.85694933356072
atkins,-78.79706373400532
aubrey_aubrey,-87.2547055646658
aubrey,-72.65057859775442
augusta_augusta,-62.68229876260027
beirne,-62.495469093912824
belleville_belleville,-85.325801517696
belleville,-58.66417257885871
benoit_benoit,-58.016496339201446
mississippi_benoit,-87.21351677435617
ms_benton,-70.37736667374313
bluffton,-86.0192242166648
beulah_beulah,-55.89085564330885
mississippi_beulah,-68.34874332886778
ms_big,-67.74744357791188
flat_big,-56.413135468442206
big_flat,-60.1632188832229
bigelow_bigelow,-69.78485044199914
bigelow,-31.27281913514287
biscoe_biscoe,-67.61948779710602
biscoe,-76.4081259793527
bismarck_bismarck,-59.609445638347744
bismarck,-35.649738225603585
bluffton_bluffton,-44.56016772155824
beirne_beirne,-76.24422593098237
beedeville,-72.28603690335036
beedeville_beedeville,-93.36207001206816
bates,-74.7101272751207
augusta,-68.04793720189723
austin_austin,-59.134208315724365
austin,-64.2286136890915
bonnerdale_bonnerdale,-71.02955118121702
banks_banks,-82.9789801735678
barton_barton,-79.20376678950026
barton,-70.40180251757708
bates_bates,-80.46308166290824
batesville_batesville,-29.285753639740197
boles_boles,-70.80246840073428
batesville,-89.80541859270251
bauxite_bauxite,-78.18220171218474
bauxite,-45.573800046047566
bearden_bearden,-61.55752527198316
bearden,-50.8162568998713
boles,-50.4969376093023
beebe_beebe,-73.06062290384821
beebe,-52.98048867893366
list,-46.727497208030904
down_the,-60.47626998818059
salty,-38.04308447603884
cleveland_cleveland,-48.45165496355951
mississippi_clarksdale,-80.32269403621007
clarksdale_clarksdale,-66.99568347171478
clarendon,-78.91765174436391
economics,-59.09536161796252
clarendon_clarendon,-61.88601462639246
choctaw,-110.70858747509807
choctaw_choctaw,-73.71315915082971
chidester,-83.53981788776568
chidester_chidester,-70.5373406703091
cherry_valley,-54.7917171742281
valley_cherry,-68.51440741886644
ms_cherry,-78.35689133916829
mississippi_chatham,-102.30343175648082
chatham_chatham,-52.768775441070936
charlotte,-66.31407308753053
charlotte_charlotte,-70.2885550396561
italy,-55.79393992845456
charleston,-82.41774793878058
charleston_charleston,-69.44445746783352
ms_clarksville,-64.0795214090797
cleveland_mississippi,-67.85983213095352
also_shut,-54.46908490514172
cleveland_ms,-61.070277894267925
coy,-66.90391804279153
coy_coy,-98.31394698546124
cord,-76.82332105487764
cord_cord,-76.71695415771518
conway,-47.963640843635865
conway_conway,-62.45364932333369
concord,-99.41817632190752
concord_concord,-74.53447859382503
compton,-80.85035026539789
compton_compton,-77.95076381715359
combs,-59.316098979541884
new_brunswick,-35.65322104301608
combs_combs,-72.52357064277429
indianapolis,-22.783487477592338
columbus_columbus,-79.42692858914596
ohio,-76.26312543755847
colt_colt,-48.07195106035252
francis,-81.91162574129214
clinton_clinton,-71.62561008571807
centerville,-82.48848695454923
centerville_centerville,-73.46913206592433
cecil,-84.82790437260144
cecil_cecil,-71.20900639537716
bryant_bryant,-74.80603685407314
brockwell,-39.39830198554971
brockwell_brockwell,-71.37976305000696
trade,-71.62224620582673
active,-56.2103730466988
brinkley,-88.49713380871837
brinkley_brinkley,-57.03840878102852
red,-59.99462059577225
goat_cheese,-52.764542338566464
briggsville,-91.6284725615672
briggsville_briggsville,-44.40388436166641
rosemary,-44.378088157993396
branch,-55.09324615607175
pet,-29.055364767899324
yes_there,-46.95380825290638
the_sampson,-58.80334326657519
radar_but,-70.53259220428205
engines_must,-65.95645891818695
stop_and,-72.69896789672073
buckner_buckner,-96.10914724696492
buckner,-60.11573611962385
cabot_cabot,-65.3845742445435
carlisle,-74.91917958950596
shasta,-47.03452148369851
casscoe,-82.66172606013498
casscoe_casscoe,-53.0400280066219
cash_cash,-89.42325768796312
casa_casa,-69.32608919344624
carthage,-53.7786336697918
southeastern,-74.14126194617508
carthage_carthage,-80.18815911270674
carlisle_carlisle,-81.25235590608276
cabot,-56.40912896962068
camden,-94.9415987221693
camden_camden,-67.03108667070696
calion,-57.76608102725308
calion_calion,-65.8416466410163
cale,-79.49681201358818
cale_cale,-53.0525048329555
caldwell,-54.327222439724544
caldwell_caldwell,-57.238472626499366
sausage,-44.67605053139992
pork,-46.48377218588353
ponca,-45.649200109398
newark_newark,-65.20840003688302
am_main,-68.78620539602841
nashville,-49.3935484699567
because_this,-36.77101795152407
nashville_nashville,-65.45789657486829
bei,-52.4866674713708
baden,-43.38495203690041
murfreesboro,-54.14987872308239
because,-54.56114097556904
murfreesboro_murfreesboro,-63.58896673567119
mulberry,-70.36764345254463
mulberry_mulberry,-35.76108417850453
bayou_ms,-56.8048485877989
mississippi_mound,-66.3693994524876
why_you,-38.65038781598264
on_shreem,-42.536681168617186
no_short,-36.81436371581562
moscow_moscow,-52.088116303488434
baba,-43.27930669140552
financial_abundance,-45.0843098726061
hamburg,-58.23440641657637
newark,-69.83055350235087
morrilton_morrilton,-60.784679242262804
newhope_newhope,-65.6982534526285
okolona_okolona,-59.262827920846185
ogden,-65.02080991007972
ogden_ogden,-68.80096226883423
oden,-68.90289466083554
oden_oden,-78.8451124428675
oark,-88.87038676209036
oark_oark,-71.78234927981033
rock_north,-69.71693731267456
norphlet,-49.63602910625131
frog_rock,-45.00926838692973
creek,-51.32108780882583
falls,-55.06709355787058
norphlet_norphlet,-83.03463571505868
norman_norman,-60.92204602365247
it_up,-26.184067053209706
norfork,-77.48009810753102
norfork_norfork,-66.49525439879828
newport_newport,-64.89182078404046
newhope,-80.66385216810379
god,-39.360077432768655
moro,-41.055118939939376
harvey_harvey,-64.05479389604952
before,-48.6389153277513
metcalfe_ms,-66.66931973718789
maurizio_pompili,-27.398270538887196
metcalfe_mississippi,-43.976542790441435
ms_metcalfe,-79.23358577179694
offlunch,-44.36452867924161
mississippi_merigold,-77.69028958028235
ceo,-35.32235001424016
merigold_merigold,-82.5638852335267
menifee,-57.872136956790456
menifee_menifee,-85.99513754572362
mellwood,-93.91648005944644
mellwood_mellwood,-52.15192727548948
melbourne_melbourne,-59.892766917064456
mayflower,-74.4979429828683
mayflower_mayflower,-68.60477808406667
cross,-75.58038846635036
maumelle,-71.09780658966199
maumelle_maumelle,-52.181684475953816
marvell,-46.93863489656932
minturn_minturn,-61.22531852804807
minturn,-58.25126703873496
quantum_sound,-43.29673890164116
monroe_monroe,-72.4872326935482
moro_moro,-59.713371788973525
prosperity,-48.52290783606342
opportunity,-41.807392900237424
june_2012,-43.90671372279411
forest,-63.875054506092226
montrose,-79.35984392106373
once,-45.32482651181023
montrose_montrose,-66.09480392220209
happiness,-66.30719286598732
technique,-43.680347726971824
advance,-59.83211114557752
demand,-46.74797873014206
monticello,-85.89910275409648
events,-49.11885066684004
when_i,-37.582720324098645
running,-54.0812441793111
monticello_monticello,-43.11197507478178
financial,-69.86870252672138
monroe,-60.36386424399384
okolona,-63.91107299114859
ola_ola,-85.95713981409001
ola,-79.83996702402565
pettigrew,-62.64420261292566
perryville,-56.300816052249054
wealth_abundance,-22.71357325824703
perryville_perryville,-66.72291385070172
abundance_powerspots,-39.62174854889994
perry_perry,-73.4978541703566
june_2019,-29.44072613221529
register_now,-46.27167551343906
!_free,-42.99035299830957
1_meditation,-58.84072307404844
pelsor,-39.28564879327406
teachings_plus,-63.04493276520465
pelsor_pelsor,-66.09759771756126
s_shreem,-62.68988905589686
brzee_other,-58.44437167480309
money_manifesting,-55.735227264525314
pearcy,-70.92130442158258
pearcy_pearcy,-78.91642096177283
am,-49.86263883185123
patterson,-48.62835696525102
pettigrew_pettigrew,-63.996538741761896
pickens_pickens,-77.09443703645367
oneida_oneida,-81.56250297202175
pickens,-73.96807742272321
ponca_ponca,-58.922021259516484
prosciutto_mushrooms,-14.135517549667417
blevins_blevins,-74.04026432766297
sauce_with,-5.162033005285
beach_road,-40.61851206060533
by_jen,-42.72628896846392
kingwell_for,-37.66379201241984
moda,-44.83595336425884
plumerville_plumerville,-67.41571322335467
plainview,-49.6834519898526
western,-53.74160999103826
plainview_plainview,-70.06512738529058
you_will,-34.25225994257468
pineville,-51.28947977057841
pineville_pineville,-86.36942925558321
it_is,-52.551206012621414
pindall,-58.85014024230518
thin,-30.703678540091254
pindall_pindall,-54.73860637014129
patterson_patterson,-73.65246549855648
the_golden,-54.415430462835786
parthenon,-88.09698303172627
parthenon_parthenon,-83.8366335585196
technology_miracles,-59.601076831904805
money_miracle,-71.83960096844919
events_spirituality,-63.2922610859183
thought_manifestation,-52.71194869159115
final,-52.39336074789687
johnson,-62.42708791587263
office,-82.67621807826796
ge,-60.002383466260525
joe,-43.32541283428066
ozone_ozone,-60.53648173741839
ozark,-81.34500856459418
ozark_ozark,-67.33570600584123
global,-57.452472527214226
ozan,-47.7913742401347
ozan_ozan,-65.01722424791156
onia,-35.38219666282315
kilometers_from,-58.33606608497393
onia_onia,-93.02163172185799
oneida,-67.34848106331789
mind_sound,-62.47977420911832
ozone,-66.06051061989577
of_attraction,-57.87803954985195
pangburn,-89.21626253926102
paron,-83.94562390122825
techniques_teachings,-49.76293234364399
paron_paron,-56.404476217067234
parks,-65.09494048791741
parks_parks,-58.84790961487466
parkin,-64.48305410089102
parkin_parkin,-55.273839770486056
paris_paris,-88.907824583051
pangburn_pangburn,-55.23442831249095
law,-48.09777490569216
miracle_testimonials,-68.72571764113536
ms_palestine,-44.486748888507506
powerspot_trip,-48.13276150006857
mississippi_pace,-88.13759863943767
pace_pace,-60.34436794870977
arut_perum,-35.82768554493227
enlightenment_evolution,-81.25889407520722
boson_mantra,-91.55496954172855
marvell_marvell,-60.405698180905155
marshall,-66.13161770590466
marshall_marshall,-68.69080536322832
indianola_indianola,-53.73072302949783
huntsville,-57.80170087206105
huntsville_huntsville,-71.76229562067799
hunter_hunter,-61.565564735458004
kale,-68.62815551592251
humphrey,-75.66685665827441
humphrey_humphrey,-86.65821455845185
leek,-49.03040416087366
soup,-61.681835033630485
library,-56.37408746188107
humnoke,-95.54644235460553
humnoke_humnoke,-66.99555932455779
hoxie,-79.46906644059352
monday,-83.82544569944324
hoxie_hoxie,-84.28586476347316
houston_houston,-83.00837023953262
spinach,-70.55315600647644
maple,-66.14993267745848
springs_village,-72.6457289172233
village_hot,-68.96372551052255
ida_ida,-30.980719315038648
mississippi_indianola,-76.55304391122834
mondays,-57.28245141058083
ms_inverness,-67.45475099087386
jefferson,-72.5316446371531
grow,-57.57139108036945
jefferson_jefferson,-68.00865481394939
jasper,-56.628192774093264
farmgirl_friday,-57.4664318198825
homesteading,-59.06024796542473
store,-57.45558778571568
jasper_jasper,-60.11019039746207
jacksonville,-62.41652093982986
aid,-58.70205346867532
jacksonville_jacksonville,-61.41150412789345
jacksonport,-62.7591778360545
door,-57.58843430287122
jacksonport_jacksonport,-83.10718870586709
ivan_ivan,-82.11217102353375
inverness_ms,-83.47281287160523
great_american,-65.75371370594355
inverness_mississippi,-102.95478271775103
gulf,-65.37581673767188
springs_national,-79.15815865843804
national_hot,-60.14452309443253
outside,-46.680773584717635
hope_hope,-78.9183548317689
hector,-60.70464056487471
hector_hector,-42.77005383808953
hazen,-84.13499511962098
hazen_hazen,-73.30568588900337
haynes,-61.770176828585335
haynes_haynes,-64.06037985300921
france,-81.73081569614658
havana,-75.53385873082036
greece,-62.38675245886131
havana_havana,-60.29508610830809
hungary,-59.06306170403433
indonesia,-66.82965177336516
japan,-61.511517659961136
hattieville,-69.73033496326596
train_a,-44.057789547714805
puppy,-40.03524829199672
hattieville_hattieville,-66.1858616608677
hasty,-76.60822656507644
hasty_hasty,-72.49597063945573
helena_helena,-32.38537959001734
las_vegas,-56.63957496860654
helena,-63.43892615121528
higginson,-60.42286762470842
ridge_ms,-59.609758774675164
dubai,-64.57415228325794
mississippi_holly,-70.22684853526458
christ,-43.62206885399549
innovation,-45.959617510633464
hindsville,-88.10618728591614
hindsville_hindsville,-68.36120302198772
photos,-52.15219197160116
higginson_higginson,-36.21998388988987
hensley_hensley,-54.576882743427824
higden,-81.24051825689912
higden_higden,-60.14801097286473
hermitage,-77.08247109951431
hermitage_hermitage,-70.39270866146217
czech,-68.71686265254365
hensley,-66.1229990445727
denmark,-54.072965198674964
delhi,-69.86657456185202
diet,-61.54062167115417
crafts,-63.5008684220771
marianna,-73.84622948983822
lonsdale_lonsdale,-82.07267942038257
lonoke,-66.89899036191404
lonoke_lonoke,-61.38449336449046
london_london,-49.85769765118842
lexa,-58.00267221728499
lexa_lexa,-69.4229611892284
lewisville,-63.42802157251091
lewisville_lewisville,-67.45209470960435
elite,-77.70847552263899
letona,-61.727291450160806
letona_letona,-70.16156815993355
know,-27.95045109020611
leslie,-53.066387238511986
leslie_leslie,-67.12247175798275
ms_leola,-62.76986712776554
fashion,-59.028600542725016
until,-50.18372211322769
mississippi_leland,-83.61003402158971
things,-51.01009667470573
leland_leland,-80.3404199880222
on_top,-38.25356029387431
lonsdale,-70.01109678118372
jersey_jersey,-76.9680892513457
class,-62.55290483109281
marianna_marianna,-65.9935554149279
marcella,-45.67970841976443
marcella_marcella,-56.65677828491955
malvern,-72.8335846842275
malvern_malvern,-71.96786774325048
magness,-47.24657597584684
magness_magness,-71.9754276446982
magazine_magazine,-53.53885334557626
madison_madison,-60.01153961403175
copyright_2018,-25.813920800018128
mabelvale,-56.16737908326272
mabelvale_mabelvale,-47.55623946080294
lynn,-88.08703351267793
coffee,-72.83939816262247
lynn_lynn,-83.2465532531714
louann,-58.088301627671505
perfect,-44.23405367911758
louann_louann,-62.957795688910636
uk,-62.53806691130534
through,-42.93979441885706
langley_langley,-88.68833058224297
phil_collins,-48.29765427240162
duran,-48.05242695031418
kingsland_kingsland,-48.800416487806416
keo,-65.48504206818714
keo_keo,-88.43966529324359
all_over,-46.812645796450155
kensett,-70.64805194819387
carrots,-56.82371944981375
kensett_kensett,-70.53195551681675
judsonia,-56.481330836017314
seeds,-62.44764585640773
cookie,-67.58409260314734
judsonia_judsonia,-70.25832443404667
jonesboro,-48.75288518297493
jonesboro_jonesboro,-69.32185141740314
jessieville,-96.3926479641975
jessieville_jessieville,-90.84651270650647
jerusalem_jerusalem,-71.66505569849029
gardening,-72.94718652880333
county,-58.198317517847265
jersey,-75.73104543384437
kingsland,-59.24123002744491
veterinary,-44.91518496684997
kingston_kingston,-104.54937024093779
knoxville_knoxville,-90.79331221841919
bob,-75.91345053269923
laneburg,-58.43813760315391
laneburg_laneburg,-79.80681981964779
lambrook,-70.16506874383444
lambrook_lambrook,-70.28530798758872
lamar,-56.29803099197553
lamar_lamar,-66.35162192747372
knoxville,-67.28318637262151
kirby,-73.88273284544627
assistance_dog,-37.034655729848446
horse,-69.624681775314
kirby_kirby,-59.279651525166756
kingston,-39.667616936893396
manor_house,-50.91482190686237
at_bournville,-43.39337977476769
park_west,-44.217715518079
midlands,-44.40524019087474
job,-47.906984571809744
plumerville,-63.677086273740485
